Algoritmo,Params,Accuracy,Precision_macro,Recall_macro,F1_macro
svm,"{'C': 10, 'gamma': 'scale', 'kernel': 'linear'}",0.8172499999999999,0.6056003018399081,0.5981990733394701,0.596154756622852
svm,"{'C': 2, 'gamma': 'scale', 'kernel': 'linear'}",0.8407500000000001,0.6347386665144673,0.586486363324247,0.574772293941471
svm,"{'C': 0.1, 'gamma': 'scale', 'kernel': 'linear'}",0.8166249999999999,0.5618748720646229,0.5140084166948057,0.5223426852189292
