Algoritmo,Params,Accuracy,Precision_macro,Recall_macro,F1_macro
svm,"{'C': 10, 'gamma': 'scale', 'kernel': 'linear'}",0.7385536979409455,0.7399750975595489,0.7394702628002072,0.7387470976056105
svm,"{'C': 2, 'gamma': 'scale', 'kernel': 'linear'}",0.7262660602471873,0.7317952867936472,0.7273587331558018,0.7272052651070421
svm,"{'C': 0.1, 'gamma': 'scale', 'kernel': 'linear'}",0.6842466497843516,0.7140327626604586,0.6853742542577523,0.6856645950308866
