Algoritmo,Params,Accuracy,Precision_macro,Recall_macro,F1_macro
svm,"{'C': 2, 'gamma': 'scale', 'kernel': 'linear'}",0.620993804687999,0.6173766359446267,0.6209848340630751,0.617878618384593
svm,"{'C': 10, 'gamma': 'scale', 'kernel': 'linear'}",0.5857699431564157,0.5771087080353839,0.5857605177993528,0.57743055172995
svm,"{'C': 100, 'gamma': 'scale', 'kernel': 'linear'}",0.5707926167209555,0.5638998305967227,0.5707849482835206,0.5648901334703696
svm,"{'C': 0.1, 'gamma': 'scale', 'kernel': 'linear'}",0.5512188371548403,0.5976477570133628,0.551202487467479,0.5267076429777205
