Algoritmo,Params,Accuracy,Precision_macro,Recall_macro,F1_macro
svm,"{'C': 2, 'gamma': 'scale', 'kernel': 'linear'}",0.6227920227920227,0.6209991738833158,0.6227920227920228,0.6194993291783926
svm,"{'C': 10, 'gamma': 'scale', 'kernel': 'linear'}",0.5977207977207977,0.5946970861083701,0.5977207977207977,0.5893497094203515
svm,"{'C': 0.1, 'gamma': 'scale', 'kernel': 'linear'}",0.5652421652421652,0.6187113767004843,0.5652421652421652,0.5438622258476292
