Algoritmo,Params,Accuracy,Precision_macro,Recall_macro,F1_macro
svm,"{'C': 2, 'gamma': 'scale', 'kernel': 'linear'}",0.6193732193732193,0.6178383347521198,0.6193732193732193,0.6159071901536299
svm,"{'C': 0.1, 'gamma': 'scale', 'kernel': 'linear'}",0.6085470085470085,0.6370782129373387,0.6085470085470085,0.6074076510380046
svm,"{'C': 10, 'gamma': 'scale', 'kernel': 'linear'}",0.5766381766381766,0.5701682843421422,0.5766381766381766,0.5694574828570851
