Algoritmo,Params,Accuracy,Precision_macro,Recall_macro,F1_macro
naive_bayes,{'var_smoothing': 1e-05},0.5954415954415955,0.5883268530149041,0.5954415954415955,0.5897447359870435
naive_bayes,{'var_smoothing': 1e-07},0.592022792022792,0.5846544412892603,0.5920227920227921,0.5859128956662291
