Algoritmo,Params,Accuracy,Precision_macro,Recall_macro,F1_macro
naive_bayes,{'var_smoothing': 1e-05},0.5779459666602798,0.5701074218401525,0.5778539247414176,0.5716186571997921
naive_bayes,{'var_smoothing': 1e-07},0.5772881139426456,0.5693343968512922,0.5772066755504791,0.5710968005587002
