Algoritmo,Params,Accuracy,Precision_macro,Recall_macro,F1_macro
naive_bayes,"{'alpha': 0.1, 'fit_prior': True}",0.7880523831695496,0.7922015005967743,0.7880584737301493,0.7880993308921862
naive_bayes,"{'alpha': 0.1, 'fit_prior': False}",0.7795968768620148,0.7849952650818233,0.779595174354391,0.779335112547978
naive_bayes,"{'alpha': 0.5, 'fit_prior': True}",0.7735952181717288,0.7788179758425381,0.7736012123419425,0.7741162454840816
naive_bayes,"{'alpha': 1.0, 'fit_prior': True}",0.7658212354219218,0.7717248091252921,0.7658281580649415,0.766627622027805
naive_bayes,"{'alpha': 0.5, 'fit_prior': False}",0.7650715222971975,0.7709960393073081,0.7650697466403491,0.7652541706062597
naive_bayes,"{'alpha': 1.0, 'fit_prior': False}",0.7572975395473907,0.7635813480746684,0.7572966923633482,0.7577910520338227
